Track URI,Track Name,Album Name,Artist Name(s),Release Date,Duration (ms),Popularity,Explicit,Added By,Added At,Genres,Record Label,Danceability,Energy,Key,Loudness,Mode,Speechiness,Acousticness,Instrumentalness,Liveness,Valence,Tempo,Time Signature
spotify:track:1qDrWA6lyx8cLECdZE7TV7,"Somebody That I Used To Know","Making Mirrors","Gotye;Kimbra",2011-01-01,244884,82,false,manuelmarrali,2023-10-10T20:20:45Z,"","Universal-Island Records Ltd.",0.865,0.521,0,-6.932,1,0.0371,0.548,0.000115,0.0989,0.748,129.059,4
spotify:track:5rgy6ghBq1eRApCkeUdJXf,"We Are Young (feat. Janelle Monáe)","Some Nights","fun.;Janelle Monáe",2012-02-14,250626,80,false,enricogiovinetto.eg,2023-10-10T20:25:23Z,"alternative r&b","Fueled By Ramen",0.378,0.638,10,-5.576,1,0.075,0.02,0.0000766,0.0849,0.735,184.086,4
spotify:track:3dYD57lRAUcMHufyqn9GcI,"Take Me To Church","Hozier","Hozier",2014-09-19,241688,84,false,enricogiovinetto.eg,2023-10-10T20:25:24Z,"","Universal-Island Records Ltd.",0.575,0.664,4,-5.303,0,0.0481,0.637,0,0.116,0.437,129.071,4
spotify:track:2tpWsVSb9UEmDRxAl1zhX1,"Counting Stars","Native","OneRepublic",2013-01-01,257265,88,false,enricogiovinetto.eg,2023-10-10T20:25:30Z,"soft pop","Mosley / Interscope",0.663,0.706,1,-4.972,0,0.0383,0.0654,0,0.118,0.474,122.013,4
spotify:track:1vxw6aYJls2oq3gW0DujAo,"Crazy","St. Elsewhere","Gnarls Barkley;CeeLo Green;Danger Mouse",2007-12-01,177933,81,false,enricogiovinetto.eg,2023-10-10T20:25:31Z,"","WM UK",0.866,0.537,8,-5.786,1,0.0335,0.053,0.0156,0.0866,0.643,111.987,4
spotify:track:5TbzAWWc5eJaANpA9kfGCd,"Love Me Again","Tribute","John Newman",2013-01-01,239894,79,false,enricogiovinetto.eg,2023-10-10T20:25:35Z,"","Universal-Island Records Ltd.",0.495,0.894,2,-4.814,0,0.0441,0.00453,0.000596,0.103,0.213,126.03,4
spotify:track:3CRDbSIZ4r5MsZ0YwxuEkn,"Stressed Out","Blurryface","Twenty One Pilots",2015-05-15,202333,87,false,enricogiovinetto.eg,2023-10-10T20:25:38Z,"","Fueled By Ramen",0.734,0.637,4,-5.677,0,0.141,0.0462,0.0000229,0.0602,0.648,169.977,4
spotify:track:6ECp64rv50XVz93WvxXMGF,"This Love","Songs About Jane: 10th Anniversary Edition","Maroon 5",2002,206200,86,false,enricogiovinetto.eg,2023-10-10T20:25:50Z,"pop","Interscope Records*",0.712,0.862,5,-4.612,0,0.0378,0.0525,0,0.093,0.809,95.051,4
spotify:track:6RtPijgfPKROxEzTHNRiDp,"Rude","Don't Kill the Magic","MAGIC!",2014-06-25,224849,84,false,enricogiovinetto.eg,2023-10-10T20:25:57Z,"","Latium Records/RCA Records",0.773,0.758,1,-4.993,1,0.0381,0.0422,0,0.305,0.925,144.033,4
spotify:track:2Z8WuEywRWYTKe1NybPQEW,"Ride","Blurryface","Twenty One Pilots",2015-05-15,214506,85,false,enricogiovinetto.eg,2023-10-10T20:26:13Z,"","Fueled By Ramen",0.645,0.713,6,-5.355,1,0.0393,0.00835,0,0.113,0.566,74.989,4
spotify:track:6cpk00i5TxCqSeqNi2HuIe,"One More Night","Overexposed Track By Track","Maroon 5",2012-01-01,219546,81,false,enricogiovinetto.eg,2023-10-10T20:26:20Z,"pop","Interscope Records*",0.716,0.821,5,-3.435,0,0.0314,0.0558,0,0.0844,0.618,92.997,4
spotify:track:22VdIZQfgXJea34mQxlt81,"Can't Feel My Face","Beauty Behind The Madness","The Weeknd",2015-08-28,213520,83,false,enricogiovinetto.eg,2023-10-10T20:26:39Z,"","Universal Republic Records",0.705,0.769,9,-5.526,0,0.0425,0.113,0,0.105,0.583,107.949,4
spotify:track:6i0V12jOa3mr6uu4WYhUBr,"Heathens","Heathens","Twenty One Pilots",2016-06-16,195920,83,false,enricogiovinetto.eg,2023-10-10T20:26:42Z,"","Atlantic Records",0.732,0.396,4,-9.348,0,0.0286,0.0841,0.0000358,0.105,0.548,90.024,4
spotify:track:6CjtS2JZH9RkDz5UVInsa9,"Thrift Shop (feat. Wanz)","The Heist","Macklemore & Ryan Lewis;Macklemore;Ryan Lewis;Wanz",2012-10-09,235613,78,true,enricogiovinetto.eg,2023-10-10T20:27:03Z,"g-funk,west coast hip hop","Macklemore",0.781,0.526,6,-6.986,0,0.293,0.0633,0,0.0457,0.665,94.993,4
spotify:track:0FDzzruyVECATHXKHFs9eJ,"A Sky Full of Stars","Ghost Stories","Coldplay",2014-05-16,267866,86,false,enricogiovinetto.eg,2023-10-10T20:27:14Z,"","Parlophone UK",0.545,0.675,6,-6.474,1,0.0279,0.00617,0.00197,0.209,0.162,124.97,4
spotify:track:4lLtanYk6tkMvooU0tWzG8,"Grenade","Doo-Wops & Hooligans","Bruno Mars",2010-05-11,222091,81,false,enricogiovinetto.eg,2023-10-10T20:27:20Z,"","Elektra (NEK)",0.704,0.558,2,-7.273,0,0.0542,0.148,0,0.107,0.245,110.444,4
spotify:track:3zkWCteF82vJwv0hRLba76,"Stitches","Handwritten","Shawn Mendes",2015-04-14,206880,6,false,enricogiovinetto.eg,2023-10-10T20:27:25Z,"","Island Records",0.752,0.754,1,-6.684,1,0.0615,0.0151,0,0.0486,0.755,149.789,4
spotify:track:1XGmzt0PVuFgQYYnV2It7A,"Payphone","Overexposed Track By Track","Maroon 5;Wiz Khalifa",2012-01-01,231173,86,true,enricogiovinetto.eg,2023-10-10T20:27:31Z,"pop,rap","Interscope Records*",0.743,0.752,4,-4.813,1,0.0414,0.0188,0,0.287,0.545,110.015,4
spotify:track:2bL2gyO6kBdLkNSkxXNh6x,"Animals","V","Maroon 5",2014-09-02,231013,83,false,enricogiovinetto.eg,2023-10-10T20:27:35Z,"pop","Interscope Records*",0.279,0.742,4,-6.46,0,0.0898,0.000185,0,0.593,0.328,189.868,4
spotify:track:2iuZJX9X9P0GKaE93xcPjk,"Sugar","V","Maroon 5",2014-09-02,235493,81,true,enricogiovinetto.eg,2023-10-10T20:27:44Z,"pop","Interscope Records*",0.748,0.788,1,-7.055,1,0.0334,0.0591,0,0.0863,0.884,120.076,4
spotify:track:3wPPWcVuinAU7dXcJXtCID,"La La La","Hotel Cabana (Deluxe Version)","Naughty Boy;Sam Smith",2013-01-01,222200,76,false,enricogiovinetto.eg,2023-10-10T20:27:51Z,"soft pop","Virgin Records Ltd",0.772,0.65,6,-5.202,0,0.0306,0.107,0.00000113,0.0905,0.262,125.083,4
spotify:track:4VrWlk8IQxevMvERoX08iC,"Chandelier","1000 Forms Of Fear","Sia",2014-07-04,216120,82,false,enricogiovinetto.eg,2023-10-10T20:28:16Z,"","Monkey Puzzle Records/RCA Records",0.399,0.787,1,-2.88,1,0.0499,0.0197,0.0000607,0.0685,0.572,117.089,5
spotify:track:7wMq5n8mYSKlQIGECKUgTX,"Hall of Fame (feat. will.i.am)","#3 Deluxe Version","The Script;will.i.am",2012-09-10,202533,81,false,enricogiovinetto.eg,2023-10-10T20:28:38Z,"","Epic/Phonogenic",0.421,0.873,10,-4.343,1,0.0564,0.0654,0,0.123,0.629,84.786,4
spotify:track:15JINEqzVMv3SvJTAXAKED,"Love The Way You Lie","Recovery","Eminem;Rihanna",2010-06-18,263373,87,true,enricogiovinetto.eg,2023-10-10T20:28:48Z,"rap,hip hop","Eminem Catalog PS",0.749,0.925,10,-5.034,1,0.227,0.241,0,0.52,0.641,86.989,4
spotify:track:3QGsuHI8jO1Rx4JWLUh9jd,"Treat You Better","Illuminate","Shawn Mendes",2017-04-20,187973,86,false,enricogiovinetto.eg,2023-10-10T20:29:00Z,"","Island Records",0.443,0.82,10,-4.091,0,0.34,0.107,0,0.107,0.771,82.697,4
spotify:track:3bC1ahPIYt1btJzSSEyyrF,"Whistle","Wild Ones","Flo Rida",2012-06-22,224653,78,false,enricogiovinetto.eg,2023-10-10T20:29:10Z,"","Poe Boy/Atlantic",0.747,0.937,0,-5.746,1,0.0453,0.0208,0,0.29,0.739,103.976,4
spotify:track:2qPUnoasNe4Ep43emVXEig,"Billionaire (feat. Bruno Mars)","Lazarus","Travie McCoy;Bruno Mars",2010-06-07,211160,75,true,enricogiovinetto.eg,2023-10-10T20:29:32Z,"","Decaydance/Fueled By Ramen",0.633,0.673,6,-6.403,0,0.258,0.297,0,0.206,0.659,86.776,4
spotify:track:386RUes7n1uM1yfzgeUuwp,"The Lazy Song","Doo-Wops & Hooligans","Bruno Mars",2010-05-11,189109,80,false,enricogiovinetto.eg,2023-10-10T20:31:14Z,"","Elektra (NEK)",0.794,0.711,8,-5.124,0,0.0699,0.3,0,0.0955,0.955,174.915,4
spotify:track:7vFoFDWqTX0mHzLfrF1Cfy,"Cheerleader (Felix Jaehn Remix) - Radio Edit","Me 4 U","OMI;Felix Jaehn",2015-10-16,180565,81,false,enricogiovinetto.eg,2023-10-10T20:31:32Z,"tropical house","Ultra Records, LLC",0.782,0.685,4,-6.237,1,0.0309,0.166,0.0000118,0.16,0.603,118.02,4
spotify:track:3U4isOIWM3VvDubwSI3y7a,"All of Me","Love In The Future (Expanded Edition)","John Legend",2013-08-30,269556,86,false,enricogiovinetto.eg,2023-10-10T20:31:45Z,"soft pop,neo soul","G.O.O.D. Music/Columbia",0.422,0.264,8,-7.064,1,0.0322,0.922,0,0.132,0.331,119.93,4
spotify:track:0Hf4aIJpsN4Os2f0y0VqWl,"Feel This Moment (feat. Christina Aguilera)","Global Warming: Meltdown (Deluxe Version)","Pitbull;Christina Aguilera",2012,229500,81,false,enricogiovinetto.eg,2023-10-10T20:32:10Z,"","Mr.305/Polo Grounds Music/RCA Records",0.673,0.758,7,-3.632,1,0.158,0.039,0,0.341,0.542,135.956,4
spotify:track:0ct6r3EGTcMLPtrXHDvVjc,"The Nights","The Days / Nights","Avicii",2014-01-01,176658,83,false,enricogiovinetto.eg,2023-10-10T20:32:29Z,"edm","Pophouse Entertainment Group",0.527,0.835,6,-5.298,1,0.0433,0.0166,0,0.249,0.654,125.983,4
spotify:track:0HPD5WQqrq7wPWR7P7Dw1i,"TiK ToK","Animal (Expanded Edition)","Kesha",2010-01-01,199693,84,false,enricogiovinetto.eg,2023-10-10T20:33:03Z,"","RCA Records Label",0.755,0.837,2,-2.718,0,0.142,0.0991,0,0.289,0.714,120.028,4
spotify:track:24LS4lQShWyixJ0ZrJXfJ5,"Sweet Nothing (feat. Florence Welch)","18 Months","Calvin Harris;Florence Welch",2012-10-29,212560,78,false,enricogiovinetto.eg,2023-10-10T20:34:12Z,"edm","Columbia",0.573,0.929,8,-3.942,0,0.109,0.197,0.000112,0.0567,0.582,127.934,4
spotify:track:6q3zC9dDD4lUNk8nfUztXy,"Apologize","Shock Value","Timbaland;OneRepublic",2007-01-01,184400,79,false,enricogiovinetto.eg,2023-10-10T20:35:53Z,"soft pop","Interscope/Blackground Records",0.658,0.602,8,-6.006,1,0.0281,0.0363,0,0.102,0.0785,118.026,4
spotify:track:1mKXFLRA179hdOWQBwUk9e,"Just Give Me a Reason (feat. Nate Ruess)","The Truth About Love","P!nk;Nate Ruess",2012-09-18,242721,84,false,enricogiovinetto.eg,2023-10-10T20:36:33Z,"","RCA Records Label",0.778,0.547,2,-7.273,1,0.0489,0.344,0.000306,0.132,0.442,95,4
spotify:track:1QNqrsNQ1JVLEwncov3lEY,"True Love (feat. Lily Allen)","The Truth About Love","P!nk;Lily Allen",2012-09-18,230739,67,true,enricogiovinetto.eg,2023-10-10T20:36:37Z,"","RCA Records Label",0.449,0.825,9,-4.762,1,0.324,0.00146,0,0.108,0.575,192.241,4
spotify:track:3ZFTkvIE7kyPt6Nu3PEa7V,"Hips Don't Lie (feat. Wyclef Jean)","Oral Fixation, Vol. 2 (Expanded Edition)","Shakira;Wyclef Jean",2005-11-28,218093,23,false,enricogiovinetto.eg,2023-10-10T20:36:45Z,"latin pop","Epic",0.778,0.824,10,-5.892,0,0.0707,0.284,0,0.405,0.758,100.024,4
spotify:track:1jF7IL57ayN4Ity3jQqGu0,"Try","The Truth About Love","P!nk",2012-09-18,247911,82,false,enricogiovinetto.eg,2023-10-10T20:38:20Z,"","RCA Records Label",0.674,0.628,2,-7.079,1,0.03,0.00144,0,0.0944,0.552,103.998,4
spotify:track:7EQGXaVSyEDsCWKmUcfpLk,"Die Young","Warrior (Expanded Edition)","Kesha",2012-11-30,211920,79,false,enricogiovinetto.eg,2023-10-10T20:38:36Z,"","Kemosabe Records/RCA Records",0.711,0.7,1,-4.805,0,0.046,0.00498,0.000125,0.215,0.801,128.001,4
spotify:track:6ebkx7Q5tTxrCxKq4GYj0Y,"Club Can't Handle Me (feat. David Guetta)","Only One Flo (Part 1)","Flo Rida;David Guetta",2010-11-24,234560,81,false,enricogiovinetto.eg,2023-10-10T20:38:53Z,"edm","Poe Boy/Atlantic",0.616,0.869,0,-3.911,1,0.0327,0.0283,0,0.064,0.473,127.966,4
spotify:track:3S0OXQeoh0w6AY8WQVckRW,"I'm Yours","We Sing. We Dance. We Steal Things. (Bonus Tracks Version)","Jason Mraz",2008-05-01,242946,81,false,enricogiovinetto.eg,2023-10-10T20:39:00Z,"soft pop,acoustic pop","Atlantic Records/ATG",0.703,0.444,11,-9.331,1,0.0417,0.559,0,0.0973,0.712,150.96,4
spotify:track:1Yk0cQdMLx5RzzFTYwmuld,"Hello","25","Adele",2015-11-20,295502,76,false,enricogiovinetto.eg,2023-10-10T20:39:04Z,"soft pop","XL Recordings",0.578,0.43,5,-6.134,0,0.0305,0.33,0,0.0854,0.288,78.991,4
spotify:track:1dzQoRqT5ucxXVaAhTcT0J,"Just Dance","The Fame","Lady Gaga;Colby O'Donis",2008-01-01,241933,84,false,enricogiovinetto.eg,2023-10-10T20:39:45Z,"art pop,pop","Streamline/Interscope",0.822,0.739,1,-4.541,0,0.0311,0.0264,0.0000428,0.181,0.745,118.99,4
spotify:track:4rHZZAmHpZrA3iH5zx8frV,"Mirrors","The 20/20 Experience (Deluxe Version)","Justin Timberlake",2013-03-15,485598,83,false,enricogiovinetto.eg,2023-10-10T20:40:16Z,"","RCA Records Label",0.574,0.512,5,-6.664,0,0.0503,0.234,0,0.0946,0.512,76.899,4
spotify:track:72gv4zhNvRVdQA0eOenCal,"Symphony (feat. Zara Larsson)","What Is Love? (Deluxe Edition)","Clean Bandit;Zara Larsson",2018-11-30,212733,80,false,enricogiovinetto.eg,2023-10-10T20:41:38Z,"","Atlantic Records UK",0.715,0.605,0,-5.128,0,0.0428,0.239,0.0000141,0.189,0.454,122.956,4
spotify:track:6skGMlljk0s5yeBKZ7sN5n,"Impossible","James Arthur","James Arthur",2013-10-29,209440,65,false,manuelmarrali,2023-10-10T20:42:31Z,"soft pop","Syco Music",0.376,0.695,0,-4.782,0,0.0933,0.135,0,0.11,0.302,169.533,4
spotify:track:67WTwafOMgegV6ABnBQxcE,"Some Nights","Some Nights","fun.",2012-02-14,277040,69,true,enricogiovinetto.eg,2023-10-10T20:42:48Z,"","Fueled By Ramen",0.672,0.738,0,-7.045,1,0.0506,0.0178,0.0000675,0.0927,0.392,107.938,4
spotify:track:285pBltuF7vW8TeWk8hdRR,"Lucid Dreams","Goodbye & Good Riddance","Juice WRLD",2018-12-10,239835,84,true,manuelmarrali,2023-10-10T20:43:14Z,"melodic rap,emo rap","Juice WRLD Mixtape / ISR P&D",0.511,0.566,6,-7.23,0,0.2,0.349,0,0.34,0.218,83.903,4
spotify:track:39LJCSHy7nB1akjmhMQ7Y7,"Pain","Fearless","Josh A",2019-01-12,188041,61,true,manuelmarrali,2023-10-10T20:43:40Z,"emo rap","Josh A",0.789,0.509,6,-8.629,0,0.277,0.525,0.00000755,0.0936,0.61,75.009,4
spotify:track:7GX5flRQZVHRAGd6B4TmDO,"XO Tour Llif3","Luv Is Rage 2","Lil Uzi Vert",2017-08-25,182706,81,true,manuelmarrali,2023-10-10T20:44:00Z,"melodic rap","Generation Now/Atlantic",0.732,0.75,11,-6.366,0,0.231,0.00264,0,0.109,0.401,155.096,4
spotify:track:2Foc5Q5nqNiosCNqttzHof,"Get Lucky (Radio Edit) [feat. Pharrell Williams and Nile Rodgers]","Get Lucky (Radio Edit) [feat. Pharrell Williams and Nile Rodgers]","Daft Punk;Pharrell Williams;Nile Rodgers",2013-04-19,247632,80,false,enricogiovinetto.eg,2023-10-10T20:44:06Z,"french house,electronic,electro","Columbia",0.794,0.811,6,-8.966,0,0.038,0.0426,0.00000107,0.101,0.862,116.047,4
spotify:track:6Iocm6VMu6bVNYwiDoyQFW,"Coming Home","Last Train To Paris","Diddy - Dirty Money;Skylar Grey",2010-01-01,238693,67,false,enricogiovinetto.eg,2023-10-10T20:44:15Z,"","Bad Boy / Interscope",0.392,0.839,7,-1.921,1,0.193,0.158,0,0.3,0.232,168.001,4
spotify:track:503OTo2dSqe7qk76rgsbep,"Still D.R.E.","2001","Dr. Dre;Snoop Dogg",1999-11-16,270586,83,true,manuelmarrali,2023-10-10T20:44:17Z,"old school hip hop,g-funk,gangster rap,west coast hip hop,hip hop,rap","Aftermath",0.816,0.775,11,-3.323,1,0.234,0.16,0.00031,0.0543,0.527,93.431,4
spotify:track:5tf1VVWniHgryyumXyJM7w,"Sugar (feat. Francesco Yates)","Sugar","Robin Schulz;Francesco Yates",2015-09-25,219043,79,false,enricogiovinetto.eg,2023-10-10T20:44:35Z,"tropical house","Tonspiel",0.636,0.815,5,-5.098,0,0.0581,0.0185,0,0.163,0.636,123.063,4
spotify:track:7o1Pm9jpH0wFpN5g793Lnq,"Can't Remember to Forget You (feat. Rihanna)","Shakira. (Expanded Edition) [Spanish Version]","Shakira;Rihanna",2014-03-13,206866,80,false,enricogiovinetto.eg,2023-10-10T20:44:59Z,"latin pop","RCA/Sony Latin Iberia",0.694,0.81,11,-3.556,0,0.0661,0.122,0,0.141,0.824,137.968,4
spotify:track:2igwFfvr1OAGX9SKDCPBwO,"Empire State Of Mind","The Blueprint 3","JAY-Z;Alicia Keys",2009-09-08,276920,86,true,enricogiovinetto.eg,2023-10-10T20:45:06Z,"hip hop,east coast hip hop,rap,r&b,neo soul","Roc Nation / Jay-Z",0.491,0.956,11,-1.538,1,0.392,0.0295,0,0.46,0.811,173.585,4
spotify:track:68rcszAg5pbVaXVvR7LFNh,"One Day / Reckoning Song (Wankelmut Remix) - Radio Edit","One Day / Reckoning Song (Wankelmut Remix)","Asaf Avidan;The Mojos;Wankelmut",2012-08-03,215186,68,false,enricogiovinetto.eg,2023-10-10T20:47:38Z,"","10879",0.826,0.668,3,-6.329,0,0.0571,0.223,0.0000692,0.167,0.534,118.99,4
spotify:track:0e7ipj03S05BNilyu5bRzt,"rockstar (feat. 21 Savage)","beerbongs & bentleys","Post Malone;21 Savage",2018-04-27,218146,82,true,manuelmarrali,2023-10-10T20:49:49Z,"","Republic Records",0.585,0.52,5,-6.136,0,0.0713,0.124,0.0000775,0.131,0.129,159.798,4
spotify:track:54OBgO0Xwu20Jak9TMXbR7,"Wellerman - Sea Shanty","Wellerman (Sea Shanty)","Nathan Evans",2021-01-21,155333,71,false,manuelmarrali,2023-10-10T20:50:59Z,"sea shanties","Polydor Records",0.675,0.359,3,-5.157,1,0.108,0.614,0,0.137,0.792,191.903,4
spotify:track:1i1fxkWeaMmKEB4T7zqbzK,"Don't Let Me Down","Don't Let Me Down","The Chainsmokers;Daya",2016-02-05,208373,84,false,manuelmarrali,2023-10-10T20:53:52Z,"","Disruptor Records/Columbia",0.533,0.869,11,-5.093,1,0.173,0.156,0.00538,0.136,0.425,159.805,4
spotify:track:3FNy4yzOhHhFBeA5p4ofoq,"Young, Wild & Free (feat. Bruno Mars)","Young, Wild & Free (feat. Bruno Mars)","Snoop Dogg;Wiz Khalifa;Bruno Mars",2011-10-21,207346,73,false,manuelmarrali,2023-10-10T20:54:22Z,"g-funk,west coast hip hop,gangster rap,old school hip hop,hip hop,rap","Rostrum/Atlantic",0.553,0.652,0,-6.685,1,0.206,0.0897,0,0.111,0.551,94.505,4
spotify:track:3RiPr603aXAoi4GHyXx0uy,"Hymn for the Weekend","A Head Full of Dreams","Coldplay",2015-12-04,258266,83,false,manuelmarrali,2023-10-10T20:55:06Z,"","Parlophone UK",0.491,0.693,0,-6.487,0,0.0377,0.211,0.00000692,0.325,0.412,90.027,4
spotify:track:22skzmqfdWrjJylampe0kt,"Can't Hold Us (feat. Ray Dalton)","The Heist","Macklemore;Ryan Lewis;Macklemore & Ryan Lewis;Ray Dalton",2012-10-09,258431,84,false,enricogiovinetto.eg,2023-10-12T19:46:29Z,"","Macklemore",0.633,0.927,2,-4.468,1,0.0839,0.0267,0,0.0986,0.88,146.097,4
spotify:track:1y4jsQt7MjnZhiD1L6qFBC,"Cradles","Cradles","Sub Urban",2019-01-04,209829,1,false,manuelmarrali,2023-10-13T20:32:38Z,"","NCS",0.534,0.589,1,-1.865,1,0.325,0.256,0.0000602,0.176,0.632,78.616,4
spotify:track:0tDC3KJPPu5eonGTtCURpq,"Headlights (feat. Ilsey)","Sugar","Robin Schulz;Ilsey",2015-09-25,209208,66,false,enricogiovinetto.eg,2023-10-20T15:28:19Z,"tropical house","Tonspiel",0.597,0.685,11,-6.371,1,0.0367,0.0245,0.000335,0.182,0.369,122.002,4
spotify:track:14XWXWv5FoCbFzLksawpEe,"Riders on the Storm","L.A. Woman","The Doors",1971-04-19,434720,73,false,enricogiovinetto.eg,2023-10-21T13:00:26Z,"psychedelic rock,classic rock,acid rock","Rhino/Elektra",0.55,0.722,11,-11.729,0,0.0283,0.25,0.0129,0.11,0.716,103.886,4
spotify:track:1rCcsYnmqbMYdkG7kS9GC5,"Speechless (feat. Erika Sirola)","Speechless (feat. Erika Sirola)","Robin Schulz;Erika Sirola",2018-11-16,214941,57,false,enricogiovinetto.eg,2023-11-02T18:01:59Z,"tropical house","WM Germany",0.574,0.728,1,-4.777,1,0.062,0.0161,0.00000142,0.0851,0.266,125.047,4
spotify:track:1t8TCORVxdItzE3zy1X0tv,"L.S.F.","Kasabian","Kasabian",2004-01-30,196917,57,false,enricogiovinetto.eg,2023-11-07T21:15:29Z,"britpop,indie,indie rock","RCA Records Label",0.613,0.761,9,-7.468,1,0.0343,0.00693,0.000151,0.27,0.443,105.274,4
spotify:track:3Fc5OiXuy3pgmLLdoDQqjX,"Red Morning Light","Youth And Young Manhood","Kings of Leon",2003-08-19,179426,53,false,enricogiovinetto.eg,2023-11-07T21:15:59Z,"","RCA/Legacy",0.528,0.797,9,-5.387,1,0.044,0.0792,0,0.327,0.877,160.848,4
spotify:track:5XMjXjwCkJVmk0AHm7z8IV,"Jerk It Out","Love For The Streets","Caesars",2002,195666,71,false,enricogiovinetto.eg,2023-11-07T21:17:53Z,"","Parlophone Sweden",0.58,0.981,8,-2.603,0,0.06,0.0171,0.0000107,0.386,0.861,134.007,4
spotify:track:69GyRaMOOZ88ZS7GOh8d9D,"Lollipop (feat. Static Major) - 2008 / Re-Mastered Version","I Am Music","Lil Wayne;Static Major",2023-03-31,299333,36,true,enricogiovinetto.eg,2023-11-12T22:11:38Z,"rap,hip hop","Young Money Records, Inc.",0.831,0.437,0,-9.35,1,0.0798,0.0542,0.00351,0.136,0.441,148.08,4
spotify:track:7exHT4swWOKL5addPeqkLP,"THE LONELIEST","RUSH!","Måneskin",2023-01-20,247067,70,false,enricogiovinetto.eg,2024-01-01T15:27:19Z,"","Epic",0.525,0.599,2,-5.001,1,0.0281,0.00151,0,0.0762,0.226,129.841,4
